PC,Action
PC,Sports
PC,Adventure
PC,Adventure
PC,Puzzle
PC,Puzzle
PC,Adventure
PC,Adventure
PC,Adventure
PC,Shooter
PC,Action
PC,Shooter
PC,Action
PC,Sports
PC,Adventure
PC,Adventure
PC,Puzzle
PC,Puzzle
PC,Adventure
PC,Adventure
PC,Adventure
PC,Shooter
PC,Action
PC,Shooter
PC,Action
PC,Sports
PlayStation,Adventure
PlayStation,Adventure
PlayStation,Puzzle
PlayStation,Puzzle
PlayStation,Adventure
PlayStation,Adventure
PlayStation,Adventure
PlayStation,Shooter
PlayStation,Action
PlayStation,Shooter
PlayStation,Action
PlayStation,Sports
PlayStation,Adventure
PlayStation,Adventure
PlayStation,Puzzle
PlayStation,Puzzle
PlayStation,Adventure
PlayStation,Adventure
PlayStation,Adventure
PlayStation,Shooter
PlayStation,Action
PlayStation,Shooter
PlayStation,Action
PlayStation,Sports
PlayStation,Adventure
PlayStation,Adventure
PlayStation,Puzzle
PlayStation,Puzzle
PlayStation,Adventure
PlayStation,Adventure
PlayStation,Adventure
PlayStation,Shooter
PlayStation,Action
PlayStation,Shooter
PlayStation,Action
PlayStation,Sports
PlayStation,Adventure
PlayStation,Adventure
PlayStation,Puzzle
PlayStation,Puzzle
PlayStation,Adventure
PlayStation,Adventure
PlayStation,Adventure
PlayStation,Action
PlayStation,Sports
PlayStation,Adventure
PlayStation,Adventure
PlayStation,Puzzle
PlayStation,Puzzle
PlayStation,Adventure
PlayStation,Adventure
PlayStation,Adventure
PlayStation,Shooter
PlayStation,Action
PlayStation,Action
PlayStation,Action
PlayStation,Action
PlayStation,Action
PlayStation,Action
PlayStation,Action
PlayStation,Action
PlayStation,Action
PlayStation,Action
PlayStation,Sports
PlayStation,Adventure
PlayStation,Adventure
PlayStation,Puzzle
PlayStation,Puzzle
PlayStation,Adventure
PlayStation,Adventure
PlayStation,Adventure
PlayStation,Shooter
PlayStation,Action
PlayStation,Shooter
PlayStation,Action
PlayStation,Sports
Xbox,Adventure
Xbox,Adventure
Xbox,Puzzle
Xbox,Puzzle
Xbox,Adventure
Xbox,Adventure
Xbox,Adventure
Xbox,Shooter
Xbox,Action
Xbox,Shooter
Xbox,Action
Xbox,Sports
Xbox,Adventure
Xbox,Adventure
Xbox,Puzzle
Xbox,Puzzle
Xbox,Adventure
Xbox,Adventure
Xbox,Adventure
Xbox,Shooter
Xbox,Action
Xbox,Shooter
Xbox,Puzzle
Xbox,Adventure
Xbox,Adventure
Xbox,Adventure
Xbox,Shooter
Xbox,Action
Xbox,Shooter
Wii ,Action
Wii ,Sports
Wii ,Adventure
Wii ,Adventure
Wii ,Puzzle
Wii ,Puzzle
Wii ,Adventure
Wii ,Adventure
Wii ,Adventure
Wii ,Shooter
Wii ,Action
Wii ,Shooter
Wii ,Puzzle
Wii ,Adventure
Wii ,Adventure
Wii ,Adventure
Wii ,Shooter
Wii ,Action
Wii ,Shooter
Wii ,Action
Wii ,Sports
Wii ,Adventure
Wii ,Adventure
Wii ,Puzzle
Wii ,Puzzle
Wii ,Adventure
Wii ,Adventure
Wii ,Adventure
Wii ,Shooter
Wii ,Action
Wii ,Shooter
Wii ,Puzzle
Wii ,Adventure
Wii ,Adventure
Wii ,Adventure
Wii ,Shooter
Wii ,Action
Wii ,Shooter
Wii ,Action
Wii ,Sports
Wii ,Adventure
Wii ,Adventure
Wii ,Puzzle
Wii ,Puzzle
Wii ,Adventure
Wii ,Adventure
Wii ,Adventure
Wii ,Shooter
Wii ,Action
Wii ,Shooter
Wii ,Puzzle
Wii ,Adventure
Wii ,Adventure
Wii ,Adventure
Wii ,Shooter
Wii ,Action
Wii ,Shooter
Wii ,Action
Wii ,Sports
Wii ,Adventure
Wii ,Adventure
Wii ,Puzzle
Wii ,Puzzle
Wii ,Adventure
Wii ,Adventure
Wii ,Adventure
Wii ,Shooter
Wii ,Action
Wii ,Shooter
Wii ,Puzzle
Wii ,Adventure
Wii ,Adventure
Wii ,Adventure
Wii ,Shooter
Wii ,Action
Wii ,Shooter
Wii ,Action
Wii ,Sports
Wii ,Adventure
Wii ,Adventure
Wii ,Puzzle
Wii ,Puzzle
Wii ,Adventure
Wii ,Adventure
Wii ,Adventure
Wii ,Shooter
Wii ,Action
Wii ,Shooter
Wii ,Puzzle
Wii ,Adventure
Wii ,Adventure
Wii ,Adventure
Wii ,Shooter
Wii ,Action
Wii ,Shooter
Wii ,Action
Wii ,Sports
Wii ,Adventure
Wii ,Adventure
Wii ,Puzzle
Wii ,Puzzle
Wii ,Adventure
Wii ,Adventure
Wii ,Adventure
Wii ,Shooter
Wii ,Action
Wii ,Shooter
Wii ,Adventure
Wii ,Adventure
Wii ,Adventure
Wii ,Shooter
Wii ,Action
Wii ,Shooter
Wii ,Puzzle
Wii ,Adventure
Wii ,Adventure
Wii ,Adventure
Wii ,Shooter
Wii ,Action
Wii ,Shooter
Wii ,Action
Wii ,Sports
Wii ,Adventure
Wii ,Adventure
Wii ,Puzzle
Wii ,Puzzle
Wii ,Adventure
Wii ,Adventure
Wii ,Adventure
Wii ,Shooter
Wii ,Action
Wii ,Shooter
Wii ,Shooter
Wii ,Shooter
Wii ,Shooter
